student_id,name,gender,age,city,department,attendance,study_hours,math,science,english,assignments,absences,average_score,grade,passed
1001,Alice,F,20,Kathmandu,IT,92,12,88,85,90,87,2,87.5,B,True
1002,Bob,M,21,Pokhara,Management,78,8,72,70,76,74,8,73.0,C,True
1003,Charlie,M,19,Kathmandu,IT,88,10,91,93,88,90,3,90.5,A,True
1004,Diana,F,22,Lalitpur,Science,95,14,94,90,92,95,1,92.75,A,True
1005,Evan,M,20,Bhaktapur,Management,84,9,75,78,81,79,6,78.25,C,True
1006,Fiona,F,21,Kathmandu,IT,91,13,86,88,84,85,2,85.75,B,True
1007,George,M,23,Pokhara,Science,73,6,65,62,69,67,12,65.75,D,True
1008,Hannah,F,20,Lalitpur,IT,89,11,89,91,87,92,4,89.75,A,True
1009,Ian,M,22,Kathmandu,Management,80,8,70,74,79,72,7,73.75,C,True
1010,Julia,F,19,Bhaktapur,Science,96,15,96,94,95,97,1,95.5,A,True
1011,Kevin,M,21,Kathmandu,IT,87,10,84,82,86,83,5,83.75,B,True
1012,Lily,F,20,Pokhara,Management,76,7,68,71,73,70,9,70.5,C,True
1013,Michael,M,24,Lalitpur,Science,69,5,61,59,65,60,14,61.25,D,True
1014,Nina,F,22,Kathmandu,IT,93,14,92,89,94,91,2,91.5,A,True
1015,Oscar,M,21,Pokhara,Management,82,9,77,80,82,78,6,79.25,B,True
1016,Priya,F,20,Bhaktapur,Science,90,12,90,92,89,93,3,91.0,A,True
1017,Quinn,M,23,Kathmandu,IT,85,11,87,85,91,88,4,87.75,B,True
1018,Rachel,F,19,Lalitpur,Science,72,6,64,66,70,65,11,66.25,D,True
1019,Sam,M,22,Pokhara,Management,79,8,73,76,78,75,8,75.5,C,True
1020,Tina,F,21,Kathmandu,IT,94,13,95,91,93,94,2,93.25,A,True
